world_speed,gamma,mean_effectiveness,std_effectiveness,mean_holes_filled,mean_holes_appeared,mean_deliberations,seeds,agent_steps_per_run
1,1,0.32252651318522685,0.08998675888099175,13.04,41,600.4,25,600
1,2,0.4426806500886549,0.08116839366453588,16.24,36.84,503.8,25,600
1,4,0.52413864306954,0.06962936445028808,18.24,34.64,447.32,25,600
1,8,0.5632059555172295,0.0964163463989181,19,33.48,413.56,25,600
1,bold,0.5713565794687608,0.10111149776334018,19.04,33.12,397,25,600
2,1,0.10122985063433704,0.03491736842663127,8.32,82.28,600.4,25,600
2,2,0.1458566505128246,0.03916962815632391,10.92,74.96,498.96,25,600
2,4,0.18513919482349658,0.04805381054087244,12.92,69.96,432.64,25,600
2,8,0.2121785436938369,0.057970234381614576,14.24,67.6,398.48,25,600
2,bold,0.2123387881462571,0.0589719454071326,14.16,67.16,393.72,25,600
4,1,0.021597428218468412,0.011859980095367952,3.6,166.84,600.32,25,600
4,2,0.03149410506360773,0.015165470034854973,4.8,153.8,512.2,25,600
4,4,0.04250938445022859,0.015689590941444842,6.08,142.84,455.8,25,600
4,8,0.0433383540252457,0.015516295791706623,6.16,142.32,453,25,600
4,bold,0.0433383540252457,0.015516295791706623,6.16,142.32,453,25,600
8,1,0.0027155454011353235,0.003085242037748995,0.96,350.32,600.16,25,600
8,2,0.0022203233548625263,0.0022905116412270743,0.76,336.92,568.72,25,600
8,4,0.002106037640576812,0.002177401752313748,0.72,336.92,568.56,25,600
8,8,0.002106037640576812,0.002177401752313748,0.72,336.92,568.56,25,600
8,bold,0.002106037640576812,0.002177401752313748,0.72,336.92,568.56,25,600
